Date,A,B,C,E,D,F
1970-01-01,0.034713688903683815,0.04468235636597494,0.1232373984742971,0.017675425757561567,0.04751739679527459,0.007914677700929164
1970-02-01,0.02463588884855645,0.013479514918964288,0.11012544893255553,0.0157506341207561,0.007593715453452901,-0.01577772903760767
1970-03-01,0.07155136937354284,0.02331058974335632,0.09395651171959085,0.045840243135565624,-0.04106145883813114,0.009084024473981071
1970-04-01,-0.006950921113679176,0.04070919843809519,0.021485979003733367,0.03843398171824129,0.03224405979889395,0.01866275782252528
1970-05-01,0.01001081881056912,0.038495765710911505,0.04371471486079033,0.02405749034661983,-0.017927936953314447,0.017422342893935974
1970-06-01,0.00012472141340250445,0.057040155122896605,0.05356408883655268,0.0684582201260131,0.010186766054081739,0.010806455103266293
1970-07-01,-0.009682231274104718,0.03570344131434515,0.09876084883634675,0.00991908269105219,-0.0037492112207541672,-0.0017839393374878085
1970-08-01,0.01888038109570255,0.06898020205336694,0.056209623844297014,0.02980765880153938,0.06015745102243158,0.008646883774276271
1970-09-01,0.003990623922778769,0.0021487657280972773,0.01737225080247484,0.04338561773629089,0.030892645892210222,0.02102897891605053
1970-10-01,-0.00670146181634302,0.06696133429027698,0.023710784213112273,0.014034738795970364,0.11644650084079754,0.007472876675151513
1970-11-01,0.05688485551538745,0.007149811198514738,0.11390115565373161,0.02858153439276158,0.14926383302140944,0.007134008099534275
1970-12-01,0.020595466525726365,-0.006320253477907094,0.034403826909670844,0.03071627581505441,0.06903286419263452,0.017388343574795025
1971-01-01,0.012784010725541525,0.06859718757256142,-0.001217229299751689,0.03070150000990944,0.07943828405676345,0.018676055634732337
1971-02-01,0.0163409157313577,0.026263926976057273,0.06546846682081561,0.013200779129035646,0.012772931999639116,-0.005125711936352154
1971-03-01,0.03478887665090964,0.028646803667289916,0.0916117256417606,0.05014319708444506,0.09171059267188528,0.0012892717924891167
1971-04-01,0.06978689184996695,0.045779332430446754,-0.017164053484974406,0.013188266857062585,-0.0028320597195743355,0.010210246967836947
1971-05-01,0.10931125272179298,-0.010756431749264272,0.14562367598621975,0.07913030796052647,0.015754720346790124,-0.008710550166139072
1971-06-01,0.0421493251170389,0.05325603782299544,0.02742560517275131,0.02698400678168654,0.06393150871528795,0.0051333943088564355
1971-07-01,-0.017864902924441303,0.028038176427943918,0.04484106816817201,0.07695064824350376,0.035763666219090245,0.023196295762282017
1971-08-01,0.032546539594793554,0.010504814017813849,0.026470306428530425,0.057063273396869646,0.009832803485017368,0.008179531898741814
1971-09-01,-0.018334306780132495,0.019583737356613187,0.04606495728213345,0.09115039999821017,0.05955230007742554,0.006504206265569483
1971-10-01,0.00509598136773599,0.05790307981160285,0.029695053361085546,0.015904684701857276,0.06716210683438481,0.027492998041731546
1971-11-01,0.02830883736753774,0.0007883224979605107,0.058490315453070374,0.05301600870424286,0.07452622296402701,-0.0005759177195563923
1971-12-01,0.0021324761170190554,0.03252766637442252,0.022592982148452925,0.043038686783010247,0.02018143680049913,0.014521059143896859
1972-01-01,0.024625054883947898,0.05732552119415676,-0.010118141145517331,0.03913120346037354,0.14715535021614637,0.008874754842271211
1972-02-01,0.0502451488089941,0.017874885712389925,0.06308996118257823,0.027348909099461007,0.08422943524811533,-0.0018329158430836507
1972-03-01,-0.013586356144983353,0.019358808313219494,0.03476548258690488,-0.007166673549025594,0.07037249857754388,-0.0025413901771851825
1972-04-01,0.05073730757790373,-0.024723660894659875,0.03248189316279591,0.015330642674444818,0.07306545512968715,0.0068506927920422836
1972-05-01,0.0196683243711288,0.043718386392842444,0.08226386965037844,0.037427170138837396,-0.01096379334208089,0.009906978437199121
1972-06-01,0.1075158031879172,0.050193597995113644,0.06945467632596027,-0.002727244120477236,-0.031140601845410343,0.0029660137588246316
1972-07-01,0.003947950067123944,0.06929656500176591,0.013901997341530595,0.026824489075068653,0.10927490240344706,0.004180298426524959
1972-08-01,0.01718119686193908,0.05138903523150834,0.050760261872683766,0.004268370008765909,0.059740088723075846,0.015867341699023194
1972-09-01,0.02592542161227769,0.01918377587353161,-0.04057475193001929,-0.023760404625932874,0.08524864354901673,-0.0067071101750525094
1972-10-01,-0.00012831373307611166,0.05116953728743841,0.06613385759989814,0.01700841944159688,0.11464382696579785,0.011556530125089509
1972-11-01,0.019574275427416736,0.045663091915964474,0.12353339653039161,0.0623934448725771,0.11182750693445673,0.0053660016422590814
1972-12-01,0.048962379055453725,-0.03336633561570908,0.08031623659103643,0.043208309459394176,0.05448244638013672,0.005901616362353681
1973-01-01,0.0007235687115507532,0.025676532983424014,0.0699984539263862,0.061736733229084496,0.091437056186043,0.009717698411613135
1973-02-01,-0.039419796656324266,0.02078752484207504,-0.023559247693430693,-0.0507435393530474,-0.01738897472190823,0.02264834583025334
1973-03-01,0.03600533607639855,0.050098012975222414,-0.009010889983271847,0.024799465091481378,0.11186741590466645,0.0005092253846733872
1973-04-01,0.010452861198373214,0.030910114658515227,0.003916593698170587,0.0301250493518363,0.04273900207328477,0.02149319686547724
1973-05-01,-0.023719449345736818,0.026253110219983517,0.15510667663803657,-0.027332913760462083,0.005631894506369604,0.01145467466682449
1973-06-01,-0.038774788087668266,0.0038573693180419706,0.05131444370985734,0.028116108075387742,0.0766492642687901,0.02111363255053523
1973-07-01,0.02799165365944325,0.02998992649966101,0.04706033776989535,0.03938875314036471,0.060847339631902204,0.009457044400921766
1973-08-01,0.0005883300114986369,0.005598416473859943,0.07518398904726555,0.016184943280817946,0.05309251756551583,-0.0022236445142114203
1973-09-01,0.04326444771948937,-0.020398932674708485,-0.0068824254437799826,0.07611166058927388,0.043369539816281194,0.014115897370177856
1973-10-01,0.03674120758955181,0.025512821861702,0.025001250161270906,0.06192886956499984,0.10364985239185975,0.012803707177774026
1973-11-01,0.038678767880808936,0.025831316248179532,0.09450082467847412,0.048029484392121055,0.07094020337834464,0.02317570102252855
1973-12-01,0.05736686649268197,-0.03800441467419023,0.10993900862183652,0.017990139901201407,0.06207539806727869,0.014425359580372995
1974-01-01,0.020196263692088053,0.07945046113228191,-0.02662612265143402,0.0352134390652528,0.06120748754979267,0.012981600119337827
1974-02-01,0.026646904893184532,0.026425141550216417,0.03338941393221509,0.040028484807900236,0.08645660592125762,0.022537658571534037
1974-03-01,0.042661470038793586,0.02740616514407397,0.07786723480577025,-0.0045715601356844104,0.11152754830206296,-0.002934012437586904
1974-04-01,0.02168861414950532,0.02555663058259594,0.029786859226053557,0.0060935861442564625,0.10008843763273619,0.015313199698269293
1974-05-01,0.07752929156707813,0.06017905614397951,0.008747840065515197,0.08122853575262601,0.00633267813512365,0.013451465076178504
1974-06-01,0.04687278841229692,0.01359520420199719,0.12706538982648485,0.04595340824456583,0.11015773855675268,0.03664323697938367
1974-07-01,0.02257299228020842,0.034400418323538635,0.09230344465332398,-0.009817588930414137,0.08049539944605016,-0.004378657686907912
1974-08-01,0.009753554560363812,0.08059930886074565,0.03805552417313228,0.056721120621681685,0.11990757779265958,0.005802509309781727
1974-09-01,0.07709925516822941,0.059048366064076534,0.014183682906936557,0.048696969538123636,0.09014146561745082,0.005536271794628249
1974-10-01,0.06268774404596758,-0.002659471608386685,0.0729364281624608,-0.01727568641509316,0.02752744200108141,0.0028185895236954453
1974-11-01,0.04862535105790296,0.03016169897667163,0.11516194949986702,0.01717451009037663,0.0541089952242632,-0.004332962015687947
1974-12-01,0.04842053701678978,0.03313570527962051,0.04437402347760914,-0.02131810567483105,0.06740758471918051,0.0016484717760370613
1975-01-01,0.015199129142560972,0.046855427572520134,-0.02016528962204238,0.0452538513123327,0.08197829715583457,-0.0008720323601756914
1975-02-01,0.03043392496017983,0.021402489266274177,0.008250806234620607,0.04075551651434504,-0.016992761952213095,0.030047245378587353
1975-03-01,0.07836875242482891,0.05373538824177783,0.07001828762920999,-0.012998858290285707,-0.02432498506713056,0.013105392427161931
1975-04-01,0.07677887746826459,0.022648337888334508,0.02803081937510983,-0.005810531161418601,-0.001940705250274323,0.014012124100516749
1975-05-01,0.03669457115617158,0.06292401393506261,0.07940488320782516,0.10381294157711471,0.004605353010946396,0.008236497042104494
1975-06-01,0.06169783636634463,0.01605658843256679,0.041087464765762007,0.04551969213683746,-0.0067949762610787084,0.009077055474122802
1975-07-01,0.08221917842050705,0.05658836496594725,0.0752067582474632,0.05925805637253746,0.07830819045687373,0.014276835727556066
1975-08-01,0.03959522488362997,0.008603248272762987,0.04191563990863752,0.027519913955961414,0.07808379225559033,-0.008294693292350708
1975-09-01,0.05685370240084961,0.06733827938095278,0.04036958126201181,-0.024524694825639445,0.07516326558781142,-0.003919221053247667
1975-10-01,0.06167488464855385,0.030398168608034015,0.06339039788833241,0.015291647966673459,0.1233730911720786,0.015239078362388522
1975-11-01,0.052582159613702904,0.023904012887205714,0.029163982950143826,0.03742018796330053,0.014083337837401906,0.011283344553812455
1975-12-01,0.004934767622387839,0.05783563605148326,0.07873502933588691,-0.019067216904916202,0.07450712485740459,0.021360269441093913
1976-01-01,0.04510498368089926,0.07332609018998189,0.07566460232397972,0.0243344108420515,0.10632099548697097,0.010676369159231047
1976-02-01,0.03796055788506699,0.02486276880653629,0.01906648144355654,-0.0014527303491842294,0.053720454878618054,0.016296266583447374
1976-03-01,-0.009102921127905915,0.020768060886737882,0.04795281708151091,0.03778775187384313,0.10793519815849928,0.020597472330955525
1976-04-01,-0.0021594421589465895,0.02991312069604304,0.03518676224382364,0.02064532037243795,0.0067826344125115345,0.006723997511967895
1976-05-01,-0.03866257654373302,-0.0005660724528168855,-0.013185399308220248,0.030083001435776958,0.08858811037169076,0.019167233606293493
1976-06-01,0.0634931663085044,-0.007775512002690693,-0.001147543294474286,0.03945626224266266,0.043127088181707955,0.001674777086982394
1976-07-01,0.044872148304514345,0.030573421352334373,0.05539696494368577,0.04962446488437132,0.10204237333899376,-0.006146614413076457
1976-08-01,-0.016134535966024308,0.04879181294172086,0.1549941974241602,0.02319271291393738,0.07539474117813026,-0.01810668427816958
1976-09-01,0.005463251722893338,-0.00997705430421246,0.01821655418836321,0.02299204547542704,0.03616427300462524,0.015468023984138431
1976-10-01,0.11876695982486862,0.04672039293929445,0.041807362262769016,0.08650166712413823,0.011426519245921717,0.007835003358300409
1976-11-01,0.027813262636133426,-0.013574137799322893,0.07736786662509294,0.030255768581634382,0.09163742860109142,0.00021061176590433418
1976-12-01,0.036231521272007475,-0.00710885961049218,2.3599253839295953e-07,0.01023406644125869,0.04888305289167306,-0.00815212144155077
1977-01-01,-0.006594460160343089,0.02223618034116539,-0.009750241632872123,-0.007881826992639805,-0.00450277176602755,0.020071059032035175
1977-02-01,0.029203888279125415,0.055042994186071365,-0.030211567017217333,-0.019413336555074878,0.08980895293841587,0.011188336135495575
1977-03-01,0.02557266310020472,-0.012309456257603192,0.022205083128966803,0.015849356347714443,0.04349239894504183,0.01842485531763323
1977-04-01,0.029903808323584163,0.011149472725636392,0.027515816827637235,0.025059055046527935,0.044361019241440425,0.01960102531964012
1977-05-01,0.04272411081558826,-0.009809622631285021,0.09239210385379164,0.02637673049241835,0.03659025300654657,0.008058699792964719
1977-06-01,0.05415117287642281,0.032459852921225316,0.04702368177197761,0.04931273114923247,0.05234263731837165,0.019067836047498954
1977-07-01,0.030720745143209917,-0.018584442359920447,0.08362496406816564,0.05092277948653719,-0.011658787877599684,0.012087032852063253
1977-08-01,0.029924308249393253,0.05984818513206913,-0.001789392590366784,0.059845225435272376,0.0824213426890582,0.005850121119277426
1977-09-01,-0.011420956171693052,0.023355267422986305,0.01633340051013668,0.07108155624143223,-0.08012197405361138,0.010730099053906579
1977-10-01,0.024144955998305864,-0.013821466153718119,0.021140207723169803,0.005213385827684613,-0.03688028864628448,0.011114255941418084
1977-11-01,0.05867623584848586,0.029243399078792656,0.008635614394631369,0.07735933243129231,-0.0663827983761719,-0.005815877173998365
1977-12-01,0.08048222832719112,0.05596750294066832,0.031073692718063258,-0.013945436582779497,0.025249674770472692,0.005834547812833759
1978-01-01,0.03369545584061302,0.025619022086279915,0.06858365317501548,0.018397954082783236,0.044749126564951405,-0.0068509326437541825
1978-02-01,0.02230786494635395,0.017527771980828066,0.06699085136391278,0.05166814124169421,0.06021635318029068,0.009681257848570863
1978-03-01,0.0032662300373741647,0.058945785545175655,0.04688335528402212,0.027857340879622855,0.13724037886691481,0.0065967920332832275
1978-04-01,0.019817163066542652,0.018834185298004527,0.11608606296182322,0.0378878887261429,0.07475884269525568,0.016870553980384995
1978-05-01,0.006169759308777688,0.05650666744526074,0.04721763261240937,0.07730042358970751,0.036098887387860296,0.014121376524204136
1978-06-01,0.03298006692836575,0.01430090218997231,0.04146920273968418,0.045476943431055475,0.02980289454587933,0.011317640038482638
1978-07-01,-0.01499283411265638,0.03794146386812224,0.168898412189815,-0.005473616079293808,0.04298132895082383,0.0046359196585941
1978-08-01,-0.02596254573227185,0.050825395966405014,0.013185337087959922,0.03578956304975587,0.12203338922943024,0.017145822017286386
1978-09-01,0.04186508856577022,0.0004458250177612616,0.08340431269643868,0.07159307515815228,0.027627312873254508,-0.006900963989494323
1978-10-01,0.008172323228080407,0.047574309242535265,0.046714330809485984,0.022565402641241655,0.02818313113637169,0.018686377524124047
1978-11-01,0.10297678975997027,0.002924560425918779,0.10416852664029115,0.041584089176977986,0.10490036797065821,0.00968880680144937
1978-12-01,0.05832888225280236,0.06089544689154105,0.10659973842250348,0.036831342125069416,0.04821241355822407,0.009392429335761671
1979-01-01,-0.008784856314666793,0.003320067702655378,0.06339391986319677,0.012401569154856677,0.050350929548230505,0.019839180218662458
1979-02-01,0.00939428126660729,0.033715488275001995,0.023619522090212883,0.04251609020038544,0.04096847704985788,0.00326961902794068
1979-03-01,0.0026342044046177397,0.004050687665126139,0.2100684669072385,0.04456030914873367,0.004728519755884383,0.021342094709859538
1979-04-01,0.06552074677652092,0.04851314929269847,-0.0532959771627335,0.04130065088900073,0.07655562515383871,0.017565348799079818
1979-05-01,0.0355370261521507,-0.01565915057910649,0.07087336465085578,0.0011499850549708396,0.10044652469736924,0.008859029653168623
1979-06-01,0.025391143942563827,0.02064150312717948,0.00824374170347985,0.05648566891602184,0.06736914956328102,0.008142372713297482
1979-07-01,0.05516858876486262,0.042980088071422354,0.06263247941900053,-0.03600578383094129,0.05352767563319592,0.0049104582183164686
1979-08-01,0.05189470708856342,-0.004546641826887528,0.027358537892841484,0.07786969744211572,0.0507888329584084,0.011925975364195037
1979-09-01,0.08963766433826506,0.056925882262397365,-0.01303544239459014,0.02602667895676408,0.04453521919037967,0.00378452105604096
1979-10-01,0.007745313049938762,0.059512939890848424,0.030531115257853823,0.07182305276402498,0.1658023018014403,0.011708519242070304
1979-11-01,0.020457808525194007,0.0708051778806992,0.05929778987428638,0.08020737185641476,0.033389473976069686,0.021433159178273313
1979-12-01,-0.0027534260151443612,0.05926906264942399,-0.015835569175230893,0.026117491389840788,0.05421648941224542,0.025976405820491884
1980-01-01,0.026095053350509587,0.05282595426259505,0.051996381476141294,0.026573162022423574,0.13030160848247238,0.014632192763485478
1980-02-01,0.003394002403750422,0.036761672895710695,0.04458849620927372,0.03015947220088276,0.12504430854494905,-0.01033718766498544
1980-03-01,-0.023993485292409356,0.010936619856079799,0.02922351170575877,0.012808673789320837,0.08444335895399097,-0.0031780570296341005
1980-04-01,-0.009461604891438435,0.011564595821054204,0.02997870826879389,0.0563565657035725,0.03498669272514781,0.008688415467720294
1980-05-01,0.0606932234649898,-0.010324568554961423,0.05380128462422752,-0.0007298447809261435,0.07440170698397516,0.013275879222570276
1980-06-01,0.018542547709775512,0.01662766665640277,0.057772509102625394,0.03114745642272242,0.05487501362484157,0.007973480500015997
1980-07-01,0.059929266184684,-0.004958910437509692,0.039422298168950654,0.03460047314486624,-0.00862996805286459,0.028761802746720688
1980-08-01,0.013555756543657562,0.018705972819279736,0.02017351744272331,0.04788243366397655,0.11585069530502552,-0.002922714352887195
1980-09-01,0.028839380999549052,0.010842755267347768,0.13500040705774255,0.07110063511875361,0.026047956421727837,0.0032208500903011606
1980-10-01,0.05121379520409015,0.050122706178077375,0.05611621944163486,0.024270684353511148,0.05238522243372952,0.004093214792384391
1980-11-01,0.08281204553544416,0.04465480917163143,0.005006931712142879,0.032247252537559744,0.12697489597034708,0.014335874848204122
1980-12-01,0.01981425189259919,0.029111964930755588,0.07919617345830328,0.022626421976010357,0.03266412436921885,0.010800018751150645
1981-01-01,-0.0006214512697431604,0.05703674368047868,0.00996940775214493,0.04909476581103188,0.06880740835802852,0.010304270927056196
1981-02-01,0.07033306866365316,0.06384691354382355,-0.02459903187760354,0.02604423782374826,0.013761954178510373,0.01961451713918285
1981-03-01,0.07672634419536893,0.04304369666767113,0.05757267201972831,0.0405599120377412,0.0752525182275976,0.002184745654099019
1981-04-01,0.01644433310970056,0.029284885666715107,0.1837357273110181,0.011323573601293883,0.13801989846862553,0.007974944763155871
1981-05-01,-0.016970693397198575,-0.023822893598272638,0.0396715528091149,0.06885255297085932,0.011669791554342043,0.010645479140341965
1981-06-01,0.09076298425369392,0.05907410432769428,0.11157656837058219,0.040298243389380706,0.05680123053231351,0.0033902839629229072
1981-07-01,0.044733973231207355,-0.04982549032601749,0.056971426058284313,0.010310074943491968,0.008948333975433667,-0.008022153505962373
1981-08-01,-0.047518556673970425,0.07511977246495513,0.04858850432086977,0.01994513298812916,0.10016010109946824,0.019390001464562927
1981-09-01,0.06003491551121272,0.022283112158947325,0.013136184659321433,0.02286752885408238,0.07350479494584736,0.005151331655707768
1981-10-01,0.02873012126126612,0.04587164977097817,0.12912735239035397,0.049370088785921654,0.04066870478455706,-0.002546485831578141
1981-11-01,0.06670131988485767,-0.01851230788040508,0.010058380510375511,0.014413975291626125,-0.04680123851348218,0.005489516341737565
1981-12-01,0.06380820650337893,0.055987979489057135,-0.021624979325555446,-0.03438439446802084,-0.0342433249268012,-0.010189525249664579
1982-01-01,-0.004154094417098797,0.042553358208447946,0.09092503197161984,0.05219938026984222,0.02621330904098682,0.010748582143626475
1982-02-01,-0.019216218914239545,-0.03441973533020694,0.11171404661041243,0.04240872530768973,0.07892580181031292,0.0066887191691535584
1982-03-01,0.0024789718862147335,0.04176493906824192,0.02917625609691542,0.05998106700722042,0.037228512122164756,-0.0024437659781813316
1982-04-01,0.07028777034891845,0.025800759983379346,0.04584683033051152,0.05210661390648771,0.02569006012917571,0.001295623787950998
1982-05-01,0.041844715723972664,-0.007732849605956181,0.027454382968723337,0.0438034059700324,0.07165540188634595,0.0032411399562526644
1982-06-01,0.08862930411836634,0.02228337414172495,-0.01279206346189532,0.01615589198502545,0.0970201712516797,0.012066960182932759
1982-07-01,0.03884112854993692,-0.0009675614577374474,0.032985175216549915,0.043334186391191805,-0.04246195939859622,0.006591880487622553
1982-08-01,0.0426397016508759,0.004943565640784995,0.06490085561031979,0.027063117866193198,0.04585815842207476,0.010839166295093417
1982-09-01,0.061062626975608894,0.006695616245432984,0.06547954071713494,0.04447387882559205,0.18625771347694048,0.0011434751358669858
1982-10-01,0.0023107989971431382,-0.00660654342475369,-0.07776723434535515,0.03344807526865438,0.18196285248870128,0.00798708401254666
1982-11-01,0.03538300225041854,0.042080277473257495,0.01503472465088241,0.05194669968074171,0.10345301116973296,-0.00018303147866361238
1982-12-01,0.02777366830001653,0.010639200120662579,0.012766459782553821,0.037038248597099976,0.049983012893228394,0.00474231327602371
1983-01-01,0.03341241581173027,0.05622153596155276,0.04813054921140197,0.03795401765860792,0.0897198260274848,0.0033999008067986686
1983-02-01,0.00043260068936874785,0.020579810483532357,0.055828681177668135,-0.0078733319002346,0.004794033274098795,0.005401133744179453
1983-03-01,0.009292479776226725,0.04729600990016296,0.06574880385213798,0.01191596966375259,0.11583544611207593,0.009607262489310651
1983-04-01,0.05483590690305129,0.0017413615524357329,0.04982422883465634,0.05057330163468905,0.11873580073522925,0.021160938350850828
1983-05-01,0.046863909902398825,-0.0005581757815207138,0.11367072470970889,0.055437157531732964,0.032521038811463975,-0.0004731303189969196
1983-06-01,-0.03952819669309031,0.03374509334296076,0.017887802254241664,0.051924534822703594,-0.004687734368736887,0.009229117431116473
1983-07-01,0.06851065464619249,0.018688382903839576,0.03674592402623948,0.05220079340605374,0.1336603007691065,0.02067424145260286
1983-08-01,0.005257806122897064,0.04179118794363241,0.08713818274816058,0.03715624925702826,0.025809985510165584,0.011536397346145057
1983-09-01,0.043399191998057536,0.0349046466088519,-0.06252700491094039,0.0514543220953807,0.05649198034154682,0.017877224522615857
1983-10-01,0.04061947383744993,0.06795886618546332,0.017372071793752504,0.09729800010513084,0.06975735290751164,0.01882749173895
1983-11-01,0.00989509641002152,0.020233562104272823,0.08576748660095306,0.05181651997652326,0.056605948385559525,0.00628420065222934
1983-12-01,-0.019854073478147834,0.004392916718622748,0.1054225940610179,0.04868517182670175,0.011068653013830115,0.009902205748068563
1984-01-01,0.011955758320812936,-0.006214164555941565,0.04122221486919266,0.0624688083614285,0.10117072411814926,0.010868590029379056
1984-02-01,-0.002696587446467183,0.04662029917853636,-0.01822647121713701,0.03739452691496898,0.0687038780082711,0.011663819796197135
1984-03-01,0.00993349025980101,0.04788315958180997,0.07936402620732824,0.0002987806397655411,0.019844883556882506,0.02902200406022544
1984-04-01,0.04631147148267367,0.03898509796319678,0.09040505351002251,0.03846231953349726,0.0003072438939553321,0.0219518629688255
1984-05-01,0.009835047510733,0.04352573238389524,0.0915706147829787,-0.000721514335573048,0.011234014703207174,0.0002676018476090794
1984-06-01,0.028844348569667493,0.009010255192671828,0.04092074474057242,0.040537976513656974,0.018860351584765428,-0.01205286309933952
1984-07-01,0.024184513471842396,0.017100052980559985,0.052286909403364,0.01724383646490389,0.06725802910367099,0.0138687113550062
1984-08-01,0.021644324475961436,0.05933689318479458,0.04228863611606798,0.032287683232724615,0.046278498138743344,0.013666070524659084
1984-09-01,0.031256710492154616,0.008392662319669387,0.09541400625189644,-0.008059281517426936,0.10356696743581313,0.016488725883547432
1984-10-01,0.00016068141120346643,0.01269356657904194,0.09464327975010967,0.016873809543478717,0.11549146028572366,0.027821079146533503
1984-11-01,-0.03662652184416473,0.08739952154853814,-0.0010078536979889682,0.03991883748618333,0.06946109556349409,0.015905159693503045
1984-12-01,0.0674748587019012,0.008661884405179898,0.05853443651039999,0.05933557377622169,0.00781171732641623,0.023504203645666813
1985-01-01,0.05531361008864677,0.026341277686222294,0.05246704023406969,0.018379390816956807,0.026900168097358686,0.009267712043077792
1985-02-01,0.06109458735305806,-0.025884465879751406,0.08282735049795706,0.015751676751081002,0.06470734623299555,0.004634662087696254
1985-03-01,0.02915922900446356,0.03418262912054645,0.14078001564011122,0.03315882611242273,0.047601667017387266,0.001997737071799343
1985-04-01,0.02987808370947736,0.027300772296288186,0.016356546843563496,-0.012074345705998725,0.13079607091831774,0.0025443009889087173
1985-05-01,-0.015742868456414462,0.016556811392263768,0.03896624750385727,-0.04426258293349809,0.039811852163646584,0.021559794247642195
1985-06-01,0.041912790258448976,0.022713686720482025,0.07377814763216199,-0.011896397214773188,0.003391859495693414,0.020270642780830087
1985-07-01,0.03744118101614268,0.0138895749786884,0.0058957683058659185,0.06365210088261128,0.05393826646344098,-0.0009496699955980053
1985-08-01,0.028296045077478054,-0.039504595984380095,0.06894008323654612,0.025713653694037913,0.06536437157049108,-0.0005599508269757535
1985-09-01,0.0857771244348764,0.0105418677705215,0.1038758660031876,0.02709638739322462,0.05701801274655881,0.014451886863824408
1985-10-01,0.023324935735933326,0.0714618658764723,0.0806551464633974,0.03160756634558637,0.07766519851639209,0.00937957396431852
1985-11-01,0.04301072752475962,0.04225954930962679,0.06461924841487687,0.072335464193137,0.12600744933307792,0.017730311949054847
1985-12-01,0.022326643229298063,0.03839951985919114,0.05037059592773897,0.0695910360772667,0.07304200182295056,0.006018967553967626
1986-01-01,-0.03322681980657989,0.05803630574463278,0.10002590724262322,0.014305805494615343,0.0877400801339028,0.020462257555571704
1986-02-01,0.0032226409811450148,0.040401834940171945,0.16652092541894878,0.01981244246200156,0.06991590769063379,-0.00010488769760936233
1986-03-01,-0.005516270647003857,0.0062570214329081275,0.019640924680850373,0.05161285552265057,0.0001933705759141202,0.00926601433816397
1986-04-01,0.047642002525557614,0.02466592766564306,0.08441996992721368,0.028061711900083268,0.10522397387766386,0.010953900085729593
1986-05-01,0.0927919825508469,0.00015660441907077924,0.07997498766515918,0.01092583536119536,0.04926426279806721,0.022165589566934735
1986-06-01,0.016543785102612656,0.04244254696460873,0.0621700472312037,0.01139491166495302,0.07360206466806302,0.02105218383508837
1986-07-01,0.038373872071520175,0.004896656850859351,0.10890058814714525,0.014849020175084809,0.04889139318257531,0.01635355099115319
1986-08-01,0.05337724367254466,0.07445664061998716,0.01599598574087796,0.024957761854215534,0.1356909850667588,0.004311695789269643
1986-09-01,0.07227784794859055,0.02659120863724182,0.04287844480526928,0.04723986778645154,0.045296167980786194,0.017753740594506986
1986-10-01,0.05595031465038258,0.042458715070252624,0.018030015756667794,0.021518287602262483,0.06885284499607623,0.007384838618543943
1986-11-01,0.05882095459870594,0.043896279243178016,0.0654552514336287,0.03458852116857297,0.031212306396942262,0.02238279729469022
1986-12-01,0.11160883643584986,0.0017775312262835463,0.08588935243804219,0.024507288369471532,0.06837756965770406,0.00037422892819288095
1987-01-01,0.0010378292813154853,0.027704710276622066,-0.024336481822487932,0.04091231687537509,0.12278464556454187,-0.0063043963091925
1987-02-01,0.02763832043070158,0.030626940543009105,0.020034739248275396,0.019445077207649493,-0.016615279372798192,0.011654141748962243
1987-03-01,0.04983020662926191,0.0020648546511094247,0.09792192950446177,0.029127709909339255,0.03648989269423353,0.0023334341644724588
1987-04-01,-0.0038528038746234103,0.04249238105331755,0.03900170113374768,0.01086958059539031,0.07019322156593316,0.006785928030810239
1987-05-01,0.025593126116018303,-0.01962700826292093,0.10650003740077892,0.06542377698553428,0.015608293469320154,0.029907413863493312
1987-06-01,0.011122410595791221,-0.04893749193227853,-0.013061630961164854,0.004744356025675543,0.0006411847759486902,0.028316569109378856
1987-07-01,0.055459420165847914,0.02304132137319105,0.07165887184780344,0.028508013623296375,0.07972853359217957,-0.004770879518933473
1987-08-01,0.025014491790663163,0.006470616025443177,0.08234730661882053,0.01827251716129114,0.038123539240313135,0.011865512676668464
1987-09-01,0.010007440416078286,0.04440351226154934,0.05205839852258291,0.013766340142678397,0.06925268074190925,0.01905140239933628
1987-10-01,0.031223422026394252,-0.024241532047539087,-0.013781705873106037,0.0168236176687907,0.07412151548631678,0.005482472191456441
1987-11-01,0.02804163155916691,0.03790097953670161,0.0591110350595149,0.03651829894444321,0.023114080507600325,0.01822961029831193
1987-12-01,0.020057641218640967,0.04874657947288556,-0.030934630711507427,-0.007210684123408272,0.028316066201135845,0.007019780805815636
1988-01-01,-0.008384332271846671,0.05725365934682797,-0.02631676713190284,0.055271977892617355,0.00917214209284603,0.01885834404611299
1988-02-01,0.04188959216057869,0.02969436928477476,0.04408782044344281,0.05054480347277854,0.04179955661929757,0.018218504599482536
1988-03-01,0.0489284518914188,0.01456669384587731,-0.052949555358248704,0.015176048087494188,0.10098935691449498,0.011650824353587268
1988-04-01,0.005591618397230668,0.04171129381987722,0.12219978064290192,0.014369103207452882,0.09568449447418978,-0.015801006218325725
1988-05-01,-0.03599670875427584,0.01832523144517731,0.05314715464547509,-0.006332082395723838,-0.015261192258014575,0.011457279789562666
1988-06-01,0.02505602891627981,0.03008219249702479,0.05749115567651762,0.07714795269043354,0.12776188028157423,0.0052198249573976434
1988-07-01,0.011452677805592813,0.054343026333610114,0.058750162292395575,0.01616388076714232,0.023263942721769855,0.02424267655979075
1988-08-01,-0.03756640170381127,0.03619356145876335,0.004509448655993037,0.0104626923170285,0.06951349056278983,0.007913491497720247
1988-09-01,0.03035804267988829,0.06889655819439487,0.0973337277624718,0.030818877918961957,0.09186386088609962,0.0036724629083205425
1988-10-01,0.025620499335583,-0.0008925301122736824,0.04977125828900505,-0.006305419796903557,0.11690275251055479,0.009779682734252615
1988-11-01,0.033290343525090624,-0.006420441564368717,-0.04052529955322878,0.0292602763616066,0.03331530250443884,0.004793508187438342
1988-12-01,0.03921916852904506,0.05322441148074652,0.06536678598214608,0.008880957567312584,0.05644665918087187,0.016150523482196942
1989-01-01,0.03329251784306626,0.0075060939687584885,0.07168919164544954,0.06548074052770979,0.06669721701237377,0.017185156333576347
1989-02-01,0.03350950719686877,0.07304059764708405,0.06004080893344612,0.02180219894384683,0.11787550214384501,0.01586866406325075
1989-03-01,-0.004492005993608161,0.05542679494284604,0.031011516542400967,0.03898523356186043,0.015618488251218025,0.002547136071901341
1989-04-01,0.02867894279323964,-0.008168497155761408,0.04571309950213995,0.03265194437191347,0.06287448728570187,0.019018760475887013
1989-05-01,-0.011340950837598042,0.07093368242749576,0.016252675567616275,0.01867457864749783,-0.004986403867507046,0.010346381807604768
1989-06-01,-0.008581447141434703,0.051320151990386524,0.047163956544157705,0.05128113984714057,0.12354267985557939,0.006908011426059156
1989-07-01,0.10063065692099693,0.008543913955401487,0.05753939698034104,0.016325017255015867,0.0745263061558757,0.01369518247585072
1989-08-01,0.02040569899547197,-0.01697728138144383,0.001646865277727845,-0.014922778734143403,0.06888060553988634,-0.0015677910390852513
1989-09-01,0.03867645016726726,0.057216742831398895,-0.0551333796766921,-0.03074160483459005,0.04842530766803673,-0.0009277350600811543
1989-10-01,0.06570351933025305,0.0546739554886858,0.06242162940235043,0.03711548116304569,-0.05578691931616288,0.005556763472587392
1989-11-01,0.007453156998205264,0.061748678686807,0.06647447436164926,-0.01149998672177753,0.0470916444758401,0.026618371039100756
1989-12-01,-0.007934152342888294,0.037096174994702524,0.020353628293920473,0.03521444298459196,0.10215704724199676,0.008967963238814144
1990-01-01,0.04204050295611969,0.014930567844517784,0.08177031282624211,0.06407015610770278,-0.00032417301179129415,0.009879265712056624
1990-02-01,0.03128757208614964,0.04587465011686946,0.07001808803170372,0.023870188083957675,0.1040845674130142,0.011624611961145033
1990-03-01,0.05401267813294906,-0.018746162682722077,0.07765137396475073,0.03168536864496173,0.007423313014064049,-0.005037548765622554
1990-04-01,0.04175120585168076,0.08425996705350129,0.04749234546603346,-0.0010617584585301786,0.08766857344317663,-0.003742734417523921
1990-05-01,0.053496124739301876,-0.0007035214780127495,0.012633615471281189,0.06930255537794916,0.10171532593855023,0.010177539272794698
1990-06-01,0.045402464814406816,-0.031259435587649605,0.08291628557692203,0.018313642160569688,0.0458752080587395,0.010232976739094554
1990-07-01,0.014625781695224774,0.006917786732568078,0.06786449792014099,0.007796389568485117,0.03808113783999733,0.002522061639794522
1990-08-01,-0.00270035262927526,0.011471380013575009,0.04367815911929906,-0.006401341594394892,0.14990940876133835,0.019994515202994632
1990-09-01,0.03494565014982189,0.05024144603277862,0.05982867170931728,0.01567606677760883,0.08365653531886769,0.021983673071061968
1990-10-01,-0.014277884359198703,-0.014322801434275091,-0.07215704162276917,0.08007291478600682,0.06160243421678408,0.009596542892836802
1990-11-01,-0.03425191186144726,0.011452852755478724,-0.07711405541902505,-0.00020853568649467288,0.07784884787619452,0.010612009518432167
1990-12-01,-0.014809010800614905,0.038227227522920085,0.001753044485656309,0.0719794296989304,-0.05160508121497709,0.012232096492458244
1991-01-01,-0.04724071558129157,0.024831900004335924,0.042402531256335106,0.024093474349699273,0.07024376352030073,0.017576512741363157
1991-02-01,0.05685199112963292,0.08933871217017483,0.05081629154790861,0.04218074889967606,0.017589789408346,0.0027649402335418113
1991-03-01,0.04484696880947898,0.02517975510122735,-0.0004771398063290744,0.048143383166376834,-0.0012437250648715537,0.015092908570316466
1991-04-01,0.08080526605679786,0.046969418673760185,0.03814359271683665,0.04156814816182992,0.038939122558502966,0.01659592113357847
1991-05-01,0.07633823546415273,0.013472093743856325,0.028765478762640236,0.0240018170008732,0.07380864023261266,0.012008437847388028
1991-06-01,-0.020568912346614246,0.00482106544278911,0.052460327387272424,0.00023561115237565045,0.06567355932083706,0.001265032660238247
1991-07-01,-0.0064274478872951984,0.025799511751571986,0.052208738602153734,0.04835502233301925,0.033547414931543555,0.007362006430866956
1991-08-01,0.07894770790600289,0.018607961563511757,0.08942526287436883,0.018583083306235718,-0.004665804155558305,0.009606679211638347
1991-09-01,0.038660127979317796,0.022132257642910592,-0.006991695395807199,0.02514741842247726,0.12663495290373855,0.0062504191870429715
1991-10-01,0.020566185033251284,0.05071662446306824,0.08326461488148812,0.058063039770992746,0.0683524207390746,0.0075365181272264575
1991-11-01,0.02206580410365108,0.019217148362732632,0.09698522207395059,-0.019777077905054466,0.08922970476043138,0.006516551555042627
1991-12-01,0.05492630181103984,0.03460485504624408,0.059250382042346984,0.026538074761360903,0.06836166298111891,0.008461428934257652
1992-01-01,0.0569220791966085,0.0060868215726311015,0.09062476573127082,0.03174573606573124,-0.06023107870030993,0.01164589929990131
1992-02-01,0.04107578721784973,-0.003440897786565131,0.03634979463055597,0.03669165593507836,0.04172208331190244,0.009223943452364342
1992-03-01,-0.0022953610912920044,0.025461715035925384,0.06009119233339952,0.036655463890598844,0.030197358307793888,0.0007450605670273544
1992-04-01,0.08021070250129789,0.030041623342086186,0.033537696128271156,0.05845720447028025,0.02194304643539513,0.00759801264294874
1992-05-01,0.005190372507714147,0.07509910669367566,0.0020477152910732127,0.03757901714597065,0.04875146370701525,0.013239623290701582
1992-06-01,0.034499961970946624,0.07043162441053119,0.01315490791618476,0.0523588269231071,0.0839402284810841,0.020643540823992862
1992-07-01,0.058145866778043016,0.080584068402685,0.0412533593844855,0.02527102491845297,0.07182677529657214,0.024227595462838113
1992-08-01,0.03417725551156322,0.059331995679198564,0.023632593962822974,0.012019872379914375,0.10209375255402747,0.008119245608719256
1992-09-01,-0.04216476856735561,0.028259347271672584,0.029638659689981032,0.025030230523546054,0.08792660572067686,0.00021141534895067864
1992-10-01,-0.014347009766386677,0.05312503892194794,0.043378324454492106,0.02506064047433857,0.07144138902104083,0.0028383358146373576
1992-11-01,0.028130352685477734,0.031393135408186994,0.04717539773929625,0.07048886237978332,0.011870979476630801,0.018916178586584412
1992-12-01,-0.015606552577125371,0.03995138003186635,0.06832521849978364,0.013482026793861481,0.06686394729768985,0.007985282980575747
1993-01-01,0.023691839054344882,0.014121989206949707,0.06514235467882175,0.011213805895369171,-0.03818098056643339,0.010910119815313037
1993-02-01,0.043540692962662296,0.03814521297652025,0.036403365854181795,0.036667417482925006,0.03579734492483462,0.01068164023340416
1993-03-01,0.0475730094049603,0.017606183518888527,-0.03854898938654101,0.05429052577917588,0.016992862402978506,0.0055672585624136715
1993-04-01,-0.0014099149091253496,0.06436572110838688,0.12292624893062999,0.026752403912328908,0.02706826343317556,0.016785779204163055
1993-05-01,0.0167510519265417,0.026632636539905413,0.04183379401567079,0.04401391729370988,0.06193345135848309,-0.0068892803020100535
1993-06-01,0.0570289916091694,0.05132225474703318,0.023036631413585185,0.005833847679124746,0.10939374244298614,0.009904014157245698
1993-07-01,0.00672898529571923,0.04668755679797261,0.03695888062681049,-0.009774315525149568,0.09191191519179896,-0.005737866610086165
1993-08-01,0.051656057425228344,-0.015251382723013046,0.11932828235833276,0.06207346293263583,0.09965680026077553,0.0090671659771517
1993-09-01,0.041047331312239914,0.005293895707060722,0.030804692431272613,-0.027374256782910354,0.02298359460283628,0.00023557182955975635
1993-10-01,0.04090462860675982,0.06260460466022788,0.03015197131427733,0.05868517887282039,-0.014625864022651175,0.017672311247507295
1993-11-01,0.06689496547544393,0.03087003938454966,0.05792450908533333,0.027987987165248602,0.022210220532627216,0.015135991662207967
1993-12-01,0.015337482190539337,0.03009494208893072,0.12584858509821034,0.029451648831279226,0.03438900897794793,0.011258984161231982
1994-01-01,-0.021098466201006506,0.00020528788735682188,0.0318682220223003,0.09262078207932947,0.11611290195478725,0.010068856480959816
1994-02-01,0.006456151257013952,0.05933166200247633,0.08313532124185365,0.00626656440540967,0.04155984432178834,0.030568245871935015
1994-03-01,0.047512802619130726,0.02285409340054602,0.07257924554606483,0.03345472568435633,0.01196183385172532,-0.004953553575168031
1994-04-01,0.05929374596757966,0.05722750473082054,0.11652324140543134,0.008330172156376901,-0.023373911858661098,0.015212477430239277
1994-05-01,0.009833740042314795,0.04213831915501807,0.034307695678993166,-0.007261323699489876,0.06380503736252117,-0.006349618838702253
1994-06-01,0.060705870771608154,0.047581233359406526,0.006855616937859257,-0.0010882010620897192,-0.017103845646117374,0.020072238867222984
1994-07-01,0.0394064098455572,0.053887245116526546,0.045390141870253725,0.02356602513931002,0.05713359526488972,0.014959681600863774
1994-08-01,0.08844066585275326,0.07208910363076362,0.08296537025129466,0.003653702034395332,0.030757165658870163,0.013482683605502244
1994-09-01,-0.00307346479775978,-0.007397799333128237,0.114910067253897,0.047771832899675876,0.13346920859677391,0.013635537914402206
1994-10-01,0.039919634389142866,0.03721107925910056,0.03710152520420627,0.02224647306611839,0.03553699166856033,0.007031706401442095
1994-11-01,0.0801591867628422,0.03932709606749367,0.014170898575296756,0.08819524582018329,0.12253217640863824,-0.009424067828597026
1994-12-01,0.0470305792917004,0.03378354912260396,0.1079345345393247,0.02443818258766637,0.053381764961509995,0.01738128736668832
1995-01-01,0.025383268066704188,0.03954924683691148,0.008316637995577678,0.040567243100255446,0.012987871591913842,0.01837816468909366
1995-02-01,0.018441537389882766,0.028396264560110327,0.13809371197717218,0.02532358854852609,0.01711434952598537,-0.0007769285881889781
1995-03-01,0.01689577858271536,0.046979704044022075,0.10215774839807294,0.0720669873860205,0.13382652585894061,0.009793013053301627
1995-04-01,0.0348845181892584,-0.0008611995984396104,0.06169827418476134,0.06555625711960085,0.015576343089375694,0.0019206986256746555
1995-05-01,0.029274695953433558,0.004357251361472907,0.08143123510061395,0.04601031538600918,0.015593589022355157,0.0057156165104918855
1995-06-01,0.035151473911655046,0.04399295751775416,0.08861089084725564,0.028451745667440614,-0.006821089266672339,-0.004490203400514672
1995-07-01,0.08151491562903956,-0.02896547606197216,-0.001580231528236442,0.013620995076705097,0.05909526614976025,0.02396585030747211
1995-08-01,0.04300291080316773,0.05668028760384489,0.007564486778741664,0.016230072468941516,0.022237357867233805,0.0028973376492303395
1995-09-01,-0.0007729313693135911,0.041780775757354865,0.05249361083876812,0.07340392291714484,0.05698721357072404,0.004500666197892967
1995-10-01,0.08183978525677141,0.047873561174802376,0.012214781457104591,0.03071940289133152,0.0052511671368455776,-0.0004872039115080308
1995-11-01,0.035883424088542865,0.09995140180271976,0.028881590375529124,0.027775499944625248,0.08394577726568847,-8.99395579584232e-05
1995-12-01,0.051757609369020616,0.058387017431784316,-0.030097592704469947,0.028078632896496335,0.04158801691506197,0.007290938672954693
1996-01-01,-0.002592750263307367,-0.01805012509386946,0.17007006438126793,0.042648905815468964,0.06948681974172267,0.01015918819519744
1996-02-01,0.03805663765580212,-0.013701850098384108,0.07975866677892887,0.014046269250320435,0.07895029720140195,0.014703528697833385
1996-03-01,-0.015013635363403312,0.00572926240051411,0.03350648410848783,0.040406542270454364,0.059400776261046034,-0.0018679429140014137
1996-04-01,0.0010538984683058014,0.03847357490003425,-0.04083431213983785,0.027827769077279425,0.0723276702346123,0.02731932901860846
1996-05-01,0.10597453608196437,0.04036181186215716,0.07679993990906094,0.05641148612077912,-0.00515186479736774,0.00152915093320268
1996-06-01,0.07896720919853344,0.09110443874830629,0.13827675463452255,0.04840321433468375,0.10006174558220415,0.011347893972927998
1996-07-01,-0.008573387695922127,0.05361542016375801,0.08009235543389842,0.039140254563918994,0.11027917838679376,0.014172054236353919
1996-08-01,0.0015434638792089228,-0.015105321089878831,0.06965355679454964,-0.020125411610323184,0.07189423615850704,0.006007766468337596
1996-09-01,-0.0025779919503667176,0.07029528786885228,0.049010957820892126,0.038982939660664906,-0.045640114959216896,0.0004844485321072161
1996-10-01,0.05539790857585707,0.006841745438598036,0.09756169431032408,0.020579922875757797,0.06587989818644566,0.01604201688638855
1996-11-01,0.00864267644284146,0.003494876243970567,0.08694845519966347,0.05279551282709931,-0.01789809994527515,-0.0002580158393577746
1996-12-01,-0.025315125466178034,0.05375552944705822,0.04086775005098596,0.00766521822894084,0.05143160402482101,-0.005682714968244337
1997-01-01,-0.016453130161614336,0.07519337868243173,0.03427713912531216,0.017329422002090887,-0.0007044599184840364,0.004282052777668889
1997-02-01,0.01636937947649923,0.06149131721034849,0.08269151379972942,0.003089649196592964,0.04042899756955784,0.0003257745886950797
1997-03-01,0.0497444203720605,0.10224739526247044,0.0169700289497548,-0.0029626838859792837,0.13408400295687084,0.004341167205861736
1997-04-01,0.024104690450509877,-0.0236434957100031,-0.018057943815539254,0.009086938945679607,0.035640352828111184,0.018290710976098398
1997-05-01,0.02029643529265576,0.011804080601469109,0.010509745364414791,0.026272735963833314,0.01498210760382878,0.007072503536088371
1997-06-01,0.06946614104912786,0.022772401285149915,0.024494061483783053,-0.007286700313281817,0.05922837541245457,0.01404057224643708
1997-07-01,0.051259592719357504,0.02452197966946796,0.08996395650407729,0.04910720120011695,0.05206199673526492,0.014701389951844876
1997-08-01,0.032646926254238276,0.04548782364587746,0.06012420589106164,0.03719322030859499,0.1504585197788053,0.010631176642036316
1997-09-01,0.052555901771319,-0.0036245454558568937,0.005643168739799552,0.04447077355970852,0.020075975831506318,0.0036695769118692363
1997-10-01,0.007386215635659166,0.047674068673345976,0.14453611682162548,0.038636400912740274,0.05543349483063777,0.0031711898043191604
1997-11-01,0.0906661362968672,0.010230401367997577,-0.05047884766137514,0.04841224465843502,0.05774751710629082,-0.018008029640005405
1997-12-01,0.05658742699470991,0.010415085894335305,0.1633090102396396,0.0014450403528170168,-0.009449941978546511,0.007826009680956359
1998-01-01,0.027611178346485292,0.04572338406950238,-0.0054810356563142065,-0.016096288981434552,-0.003377161775196341,0.011348366307675398
1998-02-01,0.05195660639444198,0.03816749316930007,0.04771791221777096,0.045047865974420204,0.09898224760119165,0.016650632441995418
1998-03-01,0.007700563353597031,0.04575785987234461,0.06918043469949403,0.055292555263808336,-0.025823615013686005,0.0005660219046077237
1998-04-01,0.03734385374053051,0.04057436683205298,0.054473432113272297,0.06349023200436751,-0.007967518291954703,0.012604258951228174
1998-05-01,0.014653312640156176,-0.005061619730733248,0.024712787914519602,0.08850735545966935,0.07917212493793822,0.010816928808540627
1998-06-01,0.06749359830520665,0.09661132354984975,0.07678954386673059,0.03866350521378137,0.01726364430291546,0.017287112749116783
1998-07-01,0.03712254426550359,0.017548678454987893,0.0035375402600694994,-0.006449790577349825,0.09404956986515145,-0.004113253172869731
1998-08-01,0.012426474261255257,0.05622389539957455,0.08604771020224158,0.03043923533790363,0.04106886079515935,0.018368464190832243
1998-09-01,0.03516332529197372,0.013853162283790908,0.06666134938980285,0.016862046894461594,0.04234846648277246,0.001988107823092748
1998-10-01,0.005587532119891429,0.024632290638583906,0.07924474890908675,0.03370242180960551,0.04951053431288543,0.004661187181847221
1998-11-01,0.037057454825860196,0.025366303118482578,0.13629965159571517,0.0652157932477409,0.12237384925115852,0.009637834743755989
1998-12-01,0.0526654337340067,0.06855955748502056,0.01668487250112305,0.006308022267950984,0.001912010972361558,0.0034296752998839043
1999-01-01,0.010602585505990067,0.03695224425825066,0.09343367597155747,-0.015620940738101913,0.030935425336772526,0.00040299169175198914
1999-02-01,0.08654714772453057,-0.007515763373770849,0.018535502445029266,0.07288523958882302,0.0348263037290405,0.007860002491082024
1999-03-01,0.002442430090606851,-0.04263562513867064,-0.03597238929318536,0.06421239224638287,0.032469771567120345,0.011552322837462279
1999-04-01,0.029409965005023467,0.09033763794160879,0.042627443229554716,0.04914718850776404,0.1272637391524365,0.0054292534109335044
1999-05-01,0.06956434336991213,0.06792186941446239,0.12576749315665015,-0.0030047816425362306,-0.044460457187567554,0.004989921274954899
1999-06-01,0.04121420500807154,0.054186405021622724,0.019972461508971192,0.05073768135386622,0.0020258027142871574,0.018106501038799818
1999-07-01,0.0257482937075287,0.023757560098838844,0.013590454235671408,0.05399318210942396,0.11761798033512166,0.01603846601333702
1999-08-01,0.00975937231138697,0.04676056962652114,0.12531383283257236,0.02283922345382837,-0.0733483365276565,0.012234540141733474
1999-09-01,0.05517164776874252,0.0388255515470525,0.006306517294928267,0.0034121919287351636,0.08543160646540172,0.017412479033904707
1999-10-01,0.05806490887227295,-0.009270295156815274,0.08268177096595994,0.05517176861847175,0.06813089546514645,0.004415750497114355
1999-11-01,0.07104714822278071,0.031046463748280288,0.16961534630387687,0.01800692122149051,0.1300963140019902,0.013717085637674372
1999-12-01,0.034920270907835275,-0.0030717757973052345,0.09187874734729386,0.029957199307268152,0.02357546727300082,0.019743368941329255
2000-01-01,0.030426604360855907,0.05483839169135096,0.10130947953582721,0.07921667679083111,0.021758514486328234,0.01438950596378371
2000-02-01,0.0662572190099292,-0.0025456652204082636,-0.007262989576679604,-0.0005338720446057404,0.0857077720029941,0.008898715662547102
2000-03-01,0.0666875175240953,0.059500053996642106,-0.10609479990854545,0.011617207491644542,0.014659768581075983,0.017436463345857158
2000-04-01,0.07976706388884747,0.13216771187029885,0.12628178603364745,0.07437190735987659,-0.00018165893525844828,0.012661766238818345
2000-05-01,0.03564187700029235,0.03865541434977092,0.05097377176626754,0.01470976326335138,0.009374119816435093,0.007697662882917972
2000-06-01,0.03252184595008622,0.05598242474696266,-0.02904276137661195,0.010879062129848713,0.033071470334487256,0.028684630776173482
2000-07-01,0.05395193488579818,-0.014071914965197892,0.09253064755614016,0.0278847841868038,-0.017896057029913245,0.006117352066788931
2000-08-01,0.0693737486070287,-0.01137611838637153,0.05896900188102644,0.09609756450877976,-0.00797627218424856,0.011640757275199903
2000-09-01,0.01788069291081646,0.03645456333068948,0.06688985514927082,-0.03246588584358141,0.05227053664521999,-0.006221866154960358
2000-10-01,0.07663645238865606,0.0382418667627823,0.09258126660740171,0.013646710268212368,0.043079630506892515,0.01897687475177373
2000-11-01,0.050597917371427235,0.00694342646184826,-0.014240760884683235,0.012891152666502852,-0.0013401085201849572,-2.5167914260770807e-05
2000-12-01,0.0037916042936774128,-0.04274628469088261,0.051438577016417415,0.04541069162953573,0.08061263130967244,0.0070142584196586765
2001-01-01,-0.017875397410519335,0.04717795054867692,0.06308495864003943,0.011460208188086293,0.020090014510572893,-0.006190031342321876
2001-02-01,0.015773325344569367,0.07742165483257177,0.03712934747414999,0.024316683128381374,0.006649771158359519,0.018341372585401777
2001-03-01,0.054350568995748395,0.048270811316139875,0.005033765454190049,0.02717264715574837,0.05589810826988803,0.017255651088606536
2001-04-01,0.0034946764885929148,0.002545123669371069,0.031876992199567356,0.07592858355922431,0.0945238140919406,0.019587319557680456
2001-05-01,0.008469674514309501,-0.007911550991678146,0.08777162094544502,0.03599137473742314,0.02616831658259162,-0.00260319551926449
2001-06-01,0.04769059043133522,-0.004296670881894234,0.07348625738615419,-0.0206200677146803,0.08777035395516562,0.025438178881010395
2001-07-01,0.059406276459063365,0.064484991824243,0.06977836890284467,0.013392045357415052,0.0772375377162948,-0.011453388049721507
2001-08-01,0.10593679983151974,0.0604804770476056,0.010821144266615436,0.05200853022333528,0.15408054055484469,-0.005451387698368273
2001-09-01,0.007230820188717152,0.04130707178723083,0.07222649861291945,0.06050677714703773,0.05915480944552698,0.014658924569849383
2001-10-01,0.04629788434160438,0.08598981592530441,0.027505775778744065,-0.0220380134263181,0.13492161058248953,-0.0014597518222075664
2001-11-01,-0.006709566261256919,0.019372145394477507,-0.002261007560654997,0.061817002426425245,0.036327320300404475,0.012965233984747642
2001-12-01,0.060777082753915704,-0.03703047777467959,0.06434968944417313,-0.007044535651358812,0.03514454409105409,0.008387154390855148
2002-01-01,0.046177946423724414,-0.014395322358273059,0.09306039318858227,0.025162303918066616,0.061988408930301886,0.004731356042688733
2002-02-01,0.036263252905861125,0.014710132129517894,-0.011731071861659156,0.0037303976695630854,0.04699017973038595,0.0074903349463114315
2002-03-01,0.05915187776987807,0.03800097256671859,0.02211733861624034,0.0554981452995998,0.07374963940351412,0.012355077717603953
2002-04-01,-0.032920236266112096,0.04457549662534362,0.10542980971790152,0.05828168531131003,0.12937571848659754,0.018997017566553455
2002-05-01,0.04506965515660004,0.04696126379294267,0.08276933343878749,0.048295966422504485,0.0361145884245251,0.019041362711600934
2002-06-01,0.027791808493470446,0.04602002384747485,-0.012226630302268705,0.05216868302633108,0.03844577969340868,0.005629624455067514
2002-07-01,-0.027661593102063058,0.01959477383351508,0.03339472590471525,0.062294158368815175,-0.031749299198416125,0.005031648593377621
2002-08-01,0.03575862852376067,0.06895120610622849,0.04497210414373725,0.024897799131352313,0.017910505597145965,0.0045857796023459855
2002-09-01,0.058571769484995845,0.0073433456695849095,0.02005619369599636,0.03193344974218748,0.06305394025936559,0.02575456734811681
2002-10-01,-0.046085734436907694,0.047495173954340913,-0.028940396228958568,0.10381039259353267,0.06012084558907247,0.017045933240771593
2002-11-01,0.056998787556107954,0.09717924883750165,0.032778514550313706,-0.026780542504638523,-0.051743765982403184,0.008031325736766511
2002-12-01,-0.052754627569581394,0.033991380305475605,-0.014031257609075476,0.04510120249699262,-0.041012438009635055,0.01449154646139944
2003-01-01,0.07544952325338292,0.010600747123591246,0.06477994625834216,0.005454646768130934,0.07368029169379464,0.011863696664706526
2003-02-01,0.0801817292361762,0.07916214645592552,0.006860367234275036,0.038332875786243975,0.06532632636473261,0.014234580827968059
2003-03-01,-0.038016366596287696,0.009688053475398205,0.0240074830453861,0.04447076701984166,0.08919217644518601,0.019642884137227916
2003-04-01,0.018578408396746363,0.054018107258861664,0.016022277305179987,0.04045578897588304,0.024252236904422998,0.007403645572803447
2003-05-01,-0.0020005494379575564,-0.005333545033315887,-0.05219850739556882,-0.03654302579832977,0.09064921049627603,0.006602214539880861
2003-06-01,-0.03397404239827452,0.05184676661998166,0.03075423233374011,0.006798283514670895,0.05102206077967635,0.0036192560086610905
2003-07-01,0.03832016082896021,0.01625129013349537,0.03263751769325661,0.020126100135539185,-0.022321017653143108,-0.0012758063233234054
2003-08-01,0.06927986608403605,0.03503561093302425,-0.019562976357481054,0.08108607368264975,0.1294668072723047,-0.006490307647718956
2003-09-01,-0.009520358378773047,0.12083360605631785,0.06704493238995009,0.03453294663456787,0.13227848780274182,0.009245433329069602
2003-10-01,0.07894115825512582,0.05195337868652265,0.14054044291135792,0.016798052641917492,0.08652310360733681,0.003889329848856803
2003-11-01,0.03406417006174181,0.0834402105007685,0.012358431299931846,-0.018697891355649067,0.16304440986407043,0.017421061482041818
2003-12-01,0.012461444912640906,0.02590968304281919,0.03783289271802351,0.03632266572117358,0.04401625444913798,0.006711529380635773
2004-01-01,0.12964056476888502,0.026597713027549215,0.005430670127614466,0.0234882965181731,0.07846355035684706,0.007019284492547103
2004-02-01,0.020941962997703296,0.02049892868719641,0.09738863958602431,0.06413649231330196,0.04298242385163548,-0.004548025753577467
2004-03-01,0.07857415993946912,0.013291832335231124,-0.007367057151587655,0.021938734353428625,-0.009629704466886303,0.002529802885247205
2004-04-01,0.027148642582428696,0.006062826369975023,-0.0006679039559466388,0.02636225384535828,0.09600366837776252,-0.007807820066514672
2004-05-01,-0.008539501553765858,0.03328114300929097,0.004939282326338591,0.04516364396831265,0.026485901857070948,-0.0009231745323399557
2004-06-01,0.024457370244206893,0.049251891031013115,0.07350549908082776,0.03424389518610462,-0.046421166947940865,0.0172714610528069
2004-07-01,-0.004011563755959749,0.05918274307178682,0.01675120202517391,0.03377665643831575,0.05852894617040269,0.018112262036725432
2004-08-01,0.04475891887040352,-0.027593650137628233,0.060183904102858864,0.04247110783196349,0.03385195609169766,0.01155811395223191
2004-09-01,0.023223649701940748,0.02397230321391775,0.0828893330054118,0.013960816995285091,0.033984332213794335,0.012759099961757576
2004-10-01,0.0799994674527059,0.08960610650167462,0.04904863112569632,0.02777731394311491,0.030297168901129507,0.021713638904741712
2004-11-01,0.06813103103045397,0.04983447036762465,0.049219863508569606,-0.0013971880279702968,0.061553386023705234,0.011467281419863962
2004-12-01,0.035392973356316505,0.0512270839269423,-0.015669692269882338,0.010668903812886231,0.07151482620901246,-0.0030420929232434103
2005-01-01,0.02182574782190678,0.028437957489777885,-0.05704101324868552,0.06518411660882492,0.11280662653032834,0.003071977803650659
2005-02-01,0.021171649845897554,0.02093073267627006,0.0634439178203781,-0.007747435269357471,-0.0019510698353739503,0.008632381607109815
2005-03-01,0.02795405209659315,0.010162575314768926,0.030398413204437796,0.04325155551392012,0.07901317868550495,0.00727164518162456
2005-04-01,0.04882796306495277,0.02121446081044091,0.09544141125705968,0.0809205495955311,0.06654088643246932,0.008889231433127137
2005-05-01,0.05999060231153876,0.03353538535087571,0.017125368798796968,0.03726419227647958,0.05096396156873095,0.013413230990770474
2005-06-01,0.03510646805479943,0.013199463696959235,0.0035588608699487975,-0.004172758164336786,0.04563286954895974,0.01639901859724656
2005-07-01,0.013420000244390926,0.028523619705202095,0.011720426514482706,0.03262410468535639,0.027805957592201218,-0.0021468828111273364
2005-08-01,0.09584186252355577,-0.0014937779661871008,0.09393204786795135,0.012733781218697362,0.11530595400699353,-0.003610578967034409
2005-09-01,0.06986102537809319,-0.00447527717500136,0.12004844205909493,0.04573266932555041,0.08115424916679462,0.003871894324322055
2005-10-01,0.08421764015629216,0.032143986720680376,-0.023822208303479822,-0.0004790519865855748,-0.013666921479383108,0.023540404102658098
2005-11-01,0.07544906096427775,0.05898240223887356,0.04528642098298016,0.0513392817252923,0.060487837869596224,0.013246545190915796
2005-12-01,0.02763232676235541,0.0303782199083853,-0.007256244190941369,-0.03736198842524309,0.05021685213607166,0.009617708465223843
2006-01-01,0.024006336765481587,0.0326336555556975,0.10342794520401183,0.023641205626833077,0.03195547232338748,0.004311510011472768
2006-02-01,-0.01385143141823366,0.02040503807346355,0.023078854699941486,0.04951647133423473,-0.006345068590140217,0.01949391979265995
2006-03-01,-0.023987624969551126,0.07512637306381698,0.06743054191744291,0.05110554194928499,0.09567584418892512,0.019125369207742896
2006-04-01,0.04215784203222735,0.021707106520751633,0.12258272802548517,0.027606719876627685,0.01959912193502017,0.004881324351481816
2006-05-01,0.03963347888524688,0.0407847075229551,0.03769303927349496,0.03177293550047885,0.09523476378757981,0.03197301126320074
2006-06-01,0.029619875510250256,0.03540183568833829,0.06237608656563319,0.03864301041490274,-0.044554173830967464,-0.009158953379408464
2006-07-01,0.04988130508286137,0.044889094410136984,0.02970648279575364,0.05883492911793271,0.04598499541902282,0.0040126128420631575
2006-08-01,0.058435244835141904,0.03412591040343819,0.0664423067217898,-0.013021435043929101,0.07049038328744153,0.006512403033123924
2006-09-01,-0.0050091289184418936,0.029951862083146867,0.06826042987639444,-0.0017048839301501105,-0.010971176641356287,0.01371391379669933
2006-10-01,0.09863822108117748,0.0723888380011295,-0.029547795766889512,0.04700660185808789,0.03846287805534524,0.018984744642368403
2006-11-01,0.02195430385549718,0.10266633821210101,0.10846374005386379,0.05873639683019079,0.13174380478831324,0.01340410218728088
2006-12-01,-0.013031623470697515,0.02938767356015641,0.05400781983880218,0.02316281641426139,0.03784805313867184,0.01065310031393676
2007-01-01,0.05825634598849399,0.015083955646892574,0.00675453283775429,0.019959702369493768,-0.014573496809144916,0.00653382649879627
2007-02-01,0.05162633211557978,0.0021020156656503253,0.08283163243611405,-0.02131199199815717,0.02106092090175344,-0.009973733470034243
2007-03-01,0.025176919522925147,0.02107192508611941,0.061424492536870184,0.04260108697754852,0.01960411615446796,0.005242988730298156
2007-04-01,0.043735935194068126,0.003553523019622192,0.00198887694564652,0.028738609078592145,0.10775996747197619,0.002731320230958196
2007-05-01,0.03212694214705245,0.06555847797112481,0.0633994810311704,0.013620402502040874,0.08770824196018756,0.01456221899386068
2007-06-01,0.06997096288644819,0.059386505499676875,0.04051469621111574,-0.004679814326217599,0.007932679146135553,-0.001677668978967005
2007-07-01,0.02508765582956546,-0.008489511226446561,0.04711758236268511,0.028246348324947716,0.01858168462629283,0.007665693915016788
2007-08-01,0.01936580006149847,0.036202882146596234,0.005986676754060984,0.05773389930151811,0.06529264474811036,0.009036174566050973
2007-09-01,0.07402927422742736,0.0006815706222670671,0.16331484280217906,0.0033697630796899955,0.03443047695524391,0.011068977946014222
2007-10-01,0.010128186478362135,0.027804410763327646,0.10062009375313509,-0.04582450525082302,-0.012234072277699494,0.004083421568211982
2007-11-01,0.04668511380929898,0.05234907997091786,0.08331132246176803,0.025512832502090303,0.05416067805301481,0.016811416967544443
2007-12-01,-0.0012816501513478393,0.07904525658668797,0.06423938003390324,0.02020707017756529,0.11452212639254299,-0.0065274314649484255
2008-01-01,0.0919035746111436,-0.0129928969094436,0.049505919458357805,0.010322107723661614,0.0367621224147793,0.004289568163128841
2008-02-01,0.04970940592195887,0.046496924547641726,0.0213872119407316,0.03492354018745571,-0.014955247269695986,0.008226927376300812
2008-03-01,0.010641188459785757,0.016591530389511625,0.026564554562483793,0.033277296873409364,-0.036511221603204,0.017718424341664745
2008-04-01,-0.006767687566020385,0.03738347743511572,0.05456426472266959,0.010747097743048918,0.02164049143826548,0.0075620037972736875
2008-05-01,0.08237164652464679,-0.0020446084849142995,0.01046833166413199,-0.02482904200344136,0.06491579200168311,-0.001529637767519524
2008-06-01,-0.00849631545060197,0.08679996834740819,0.11728865838059274,-0.008786369236673502,0.03412405887867704,0.011499260394436741
2008-07-01,0.008541247597681812,0.0139770997650456,0.11582007186263661,0.03522834891347219,0.052780243097978,0.013713427815764713
2008-08-01,0.05964945727364135,0.004264844438579468,0.010058158518930403,0.022044042114847333,-0.004598648833844178,0.004747391308614549
2008-09-01,0.011634174310204814,0.0749412305679642,0.09932778198352396,0.0027316983841359464,0.09604081189550018,0.0019230867554567224
2008-10-01,-0.010598914688899348,0.06280332723704908,0.06044117382907356,0.07566047977284407,-0.0004709057493365379,0.01687909132077197
2008-11-01,0.022974104414170617,0.031184135547250216,0.048671747620156545,0.02087483355379581,0.046268680003901684,0.007252352720148281
2008-12-01,0.007344131273377675,-0.0007537373010157201,0.022100877055153158,0.0304274831258144,0.016236529991651056,0.010207547368391289
2009-01-01,0.04649347211269861,0.07782656024430418,0.08016056997016355,0.03566171405235854,0.055845722329883524,0.00010859223857384755
2009-02-01,0.027381137787934072,-0.0032538300688113447,0.023236482004787902,0.007056862401531354,0.08043264096909797,0.01630722625482509
2009-03-01,0.012776505427148383,-0.002198239466406106,0.07394991559866163,0.03773838435533616,0.011456760315874857,-0.002412371669521537
2009-04-01,0.020083290471214984,0.0014037811347338523,0.0967572036546312,0.003824866656039285,0.0208557183955293,0.012081712742171236
2009-05-01,0.028428555886416466,-0.026761343253589892,0.06971319433311952,0.0320906394612211,-0.052275465504702384,0.013487512703431768
2009-06-01,0.03231499627200468,0.04801905831291187,0.041050649625994126,0.03443786917808852,-0.006399020272497606,0.020182176508612447
2009-07-01,0.0008182241135521115,0.04145895810996803,0.01909294325932325,0.025395369514727963,0.09764729882467127,0.0062911644468846015
2009-08-01,0.008796964935792111,0.052105068084162404,0.1429542106803911,0.011871243405158018,-0.0366595780375909,0.007084131890613993
2009-09-01,0.04189430660529321,0.01075065014859251,0.05044504621887297,0.008447573410218196,0.006543612809292561,0.004759113277320731
2009-10-01,0.1013791654691506,0.05213325093827337,0.003723744351595601,-0.010581011972516964,0.07728261077388113,0.004470011111947413
2009-11-01,0.01637899625704665,0.018874815041261955,0.08107553600285203,0.03310419256852678,0.03487359248244763,0.007990096756283843
2009-12-01,0.029371303144690265,0.053139193241902874,-0.022973535401465378,0.02370516964534717,0.004315189403737728,0.02410908316638753
2010-01-01,0.045935765295585254,0.011166114331138968,0.07593297947752428,0.004977237455611808,0.02164297551521091,0.0034476790076486737
2010-02-01,0.06502634173941034,0.001792363604518482,0.07626073031029273,0.022526941773794325,0.07274197659206713,0.0057264381251090814
2010-03-01,-0.03896675277729819,0.03644805463199218,0.15349140855367704,0.053909351644736744,0.05035848881113234,-0.015314700509611583
2010-04-01,0.024725110549926467,0.08186992969953077,0.10098737166266972,0.023684279772840797,0.09945673185225842,0.019870380039313993
2010-05-01,0.056034858350714874,0.007899235918661658,0.0686177957176291,0.005893418380964854,0.10289976510768947,0.030259021054839418
2010-06-01,0.08658438899761559,0.01886125771803663,0.049111681706846516,0.0071165177146627,0.2083171774611768,0.011914088437399138
2010-07-01,0.06236498296978202,0.03073645922358078,0.12449007537497143,0.005057699093925793,0.03176437584417244,0.0038648137941579104
2010-08-01,0.021631431115372877,0.055811488587816954,0.05820041587978097,0.06909083438342736,-0.0178582549201671,0.006004862223628603
2010-09-01,0.10959014924207089,0.04097460742040372,0.06647031733364415,-0.00014310928199938108,0.06863767577827845,0.0072032371299692675
2010-10-01,0.025837626151022853,0.033817501906486004,0.04411537222283956,0.0007277314721668912,0.03765200053716165,-0.008295307246547395
2010-11-01,0.015436816647494286,0.015252365979747369,0.008342398268010011,0.04257215676585406,0.05227565447231686,0.004126735100412849
2010-12-01,0.022521722025924062,0.0056116032150336365,0.1183151208186884,0.04017466934466429,0.04183289791916008,0.021358890164756172
2011-01-01,0.012411250623534372,-0.024845882796299075,0.08480733651704452,0.006959246380706271,0.0193407655204616,-0.00017633813450923866
2011-02-01,0.007626043258330242,0.022510480513074284,-0.01660496805224275,0.008641894020874782,0.09950638228045064,0.019426210613236364
2011-03-01,0.07520799029440768,0.08144895853029865,0.03934504220743344,0.03110799540315438,-0.01451159966765582,0.004049423037487214
2011-04-01,0.016861009309077715,0.03767234850097983,0.06055713334504356,0.008119903667414087,0.04733815287635406,0.007723952144679804
2011-05-01,0.027977397119147995,0.019846973997451493,0.07695560207982542,0.024048507785986363,0.07108660832661927,-0.0025122898458666814
2011-06-01,0.006954972400600654,0.03868997120724643,0.04141045352265108,0.03148501322247283,0.02798986610465943,0.012771845187690327
2011-07-01,0.004703709316160078,0.0789687714228203,0.04102293668098118,0.06575445483925857,0.008872388806054433,0.026196562573854283
2011-08-01,0.02901958165263182,0.014447124488877857,0.061545919245149176,0.10545375487340282,0.07765056514949514,-2.5273156522053267e-05
2011-09-01,0.035320541502602325,0.043372039753563366,0.04888001470038232,0.04132368302108427,0.07819995585482892,0.011323636381475561
2011-10-01,0.05999926599263281,0.019465761064545804,-0.018336180650751988,-0.008813766345708261,0.05251718065578344,0.004904952874803045
2011-11-01,0.04205692508930306,0.06468330123071021,0.04834108593437166,-0.01546471062802049,0.005150265336699683,0.008113988448422023
2011-12-01,0.026592163367993,0.006671137979741119,0.0888971724776271,0.06393222328678119,-0.050330175970882365,0.006147604047323709
2012-01-01,0.044177048739334396,0.07308343551779145,-0.023716020137326127,0.02672951910538385,0.000685625180810133,-0.00449809363759175
2012-02-01,0.08627009431921642,0.061213170257729016,-0.06636667151657509,0.046412924226801336,-0.06013671123789517,-0.017206513573110153
2012-03-01,0.026400659990265044,0.06336016301830041,0.022830608057017303,0.07638702753001547,0.04364066181549151,-0.004906850043629056
2012-04-01,0.05414670712642451,0.021974737270198396,0.08369737409015998,0.014482496541497308,0.06155472096399009,0.0008866273897593768
2012-05-01,0.04847571823574418,0.04962843990350127,0.017805460810197966,0.011947108906352664,0.030560720918148515,6.660906967964966e-05
2012-06-01,0.01736912899848249,0.06356730815317141,-0.002409439942977133,0.015884973645510364,0.03799354542892233,0.005696681443271803
2012-07-01,0.0011816233850611736,0.029225758428264442,0.036413091434746414,0.011368328832250016,0.038046208695919514,0.006279419211477036
2012-08-01,0.06238491580594148,0.04027920410042261,-0.023799954774111717,-0.00991150641809762,0.018201602628892668,0.00565245433384649
2012-09-01,0.05757596631031067,0.016579243955612714,0.025553455690553832,0.042740540024578916,0.028846896623927424,0.01161157227496597
2012-10-01,0.02214672155803131,0.05809560959052912,0.07250874283041711,0.047447888841388924,0.0793514679048695,0.007127394666215076
2012-11-01,0.03603173109293904,0.03197181796153724,0.058320965438016736,0.02834706109422855,0.09546783931717122,0.008873052600912515
2012-12-01,0.006019422020743667,0.02318863549570082,0.044248668279742595,0.014137973566863153,0.029453312933536844,0.019770235702722086
2013-01-01,-0.002495451642275333,0.06358415916417577,0.019268098469085847,0.03559061742643389,-0.033435153864170356,0.010655207076527506
2013-02-01,0.05207529595575668,-0.005242848405844658,0.007338608503830821,0.026339961951161665,0.12285582800360469,0.03812347450409303
2013-03-01,-0.0015797711631587302,0.004557603010197732,-0.012153143303704032,0.05403735697451255,0.0343188984795109,0.009549485433696929
2013-04-01,0.021431583503429066,-0.0010729100142716878,0.024903079512249515,0.01739994094395772,0.02791381227534257,0.0060683425615998925
2013-05-01,0.0488577323378122,0.10330741673563297,0.037691828015733016,0.00512308158890324,0.03451852016860861,0.010817561253994381
2013-06-01,0.04561260989885052,0.03871028656682075,0.01269574126677881,0.029158632218839017,0.020303385181232994,0.007397750255552531
2013-07-01,-0.009403692783580525,0.009112886064871931,0.003781963686549386,0.015835418981751212,0.025675816620859222,-0.0023442835450374847
2013-08-01,0.021825087395856268,0.03886056820338224,-0.008012265471412781,-0.01340355972904643,0.09181026701062076,0.017954687401818756
2013-09-01,0.025142326550232158,0.005356144828175067,0.056611747635108726,0.015203915269354612,0.05882089736041229,-0.0017654186479924925
2013-10-01,0.059443562361849694,0.03484404163754743,0.028801802629324105,0.07734689752235477,0.040654344815222405,0.00557660772114519
2013-11-01,0.03524571882217672,0.04489250522634224,0.036403312922267075,0.035248079601016065,0.016188929398941853,0.016910249312337217
2013-12-01,0.08941141683941556,0.0073335871736226466,0.09315304627067825,0.020022672431725317,0.03054166670431822,0.017072336915692463
2014-01-01,0.01792856002999992,-0.0043076498857073375,0.009180034597750943,-0.06071918881091887,0.08489546210783934,0.01578618928759893
2014-02-01,0.023568097025897416,0.03975824138349118,0.10179602912510394,0.002736948656012834,0.06176361599761399,-0.014647221902468584
2014-03-01,0.034793269488927844,0.014354041139093833,0.01624468198726039,0.03333288953119937,0.01138138061362163,0.0040125509138499715
2014-04-01,0.013099028031079988,0.05668385481249828,0.10019459522798937,0.02278236453411394,0.04955909963252477,0.0023162205842800114
2014-05-01,0.05907479969136184,0.004196562759828697,0.044808635443511935,0.017580996112879853,0.07623695153962763,0.010843595390077463
2014-06-01,0.0660616496332359,0.03858701783283232,0.10922892770009607,0.03412774574197812,0.013642267989178912,0.006932877039187024
2014-07-01,0.008572150113669914,0.007593309060842497,0.05558112986606657,0.04004074557990629,0.06498925726500333,0.020759114856478786
2014-08-01,0.006458149975128433,0.06790156350650801,0.10578511380388918,0.014566079292414581,0.10664404431364208,0.01940734554837827
2014-09-01,-0.0017077788734710733,0.059092090076712456,-0.009264520939500497,0.05663633496236381,0.08863450653649163,0.0010970521361346013
2014-10-01,0.019037068476303133,0.06613093109770353,0.07113928082496285,0.026216501964213167,0.010996528656954038,0.0205758287213946
2014-11-01,0.031145817640906622,0.05792217074909621,0.10064238012281627,0.07095782326023162,-0.0655882500209695,0.014835229884036471
2014-12-01,0.02142878275214307,-0.007907613113477922,0.0382698425449903,-0.003974212696593794,0.04664839860874063,0.017249830724223807
2015-01-01,0.017534521209623576,0.0003596983461966567,0.08710005447799078,-0.02897346607406924,-0.040059131829757275,0.0072764083490024405
2015-02-01,0.014245140883764489,-0.010526725684718442,0.04345674788578249,0.017037425692597277,0.0564185758652518,0.014231719171405088
2015-03-01,0.014094847773272533,0.022394856090784787,0.10065292827022977,-0.002822118979550682,-0.016490833408758718,0.01568963180280236
2015-04-01,0.01739503044383991,0.060207573066521344,0.029981370777226877,0.08452081250680887,0.05078061482479786,0.016583326108490847
2015-05-01,0.0352244918823552,0.05992513154975225,0.004399281487180322,-0.01010882599214475,-0.015055502281024001,0.00018419591627531588
2015-06-01,0.04093306695605197,0.037285687216313874,0.10043090089387047,0.045554964484535415,-0.0159485777835065,0.009806577844200772
2015-07-01,0.017759687906016557,0.047110126654935094,0.0727212140059744,0.04894194241456351,-0.011385400008295757,0.02420284120725759
2015-08-01,0.02785294231621295,0.0027640248634222715,0.008596938662205664,0.04356572571780617,0.10874120846123583,0.0169001213198832
2015-09-01,0.022531669222181347,-0.0062003570538688435,0.07191703662437203,0.09491215935776198,0.036683906086343136,0.025194880964291635
2015-10-01,0.02248552619111118,0.017181413013804322,0.09152440964483047,-0.05000274176913201,0.019337029068623408,0.01302138983021514
2015-11-01,0.008162907920817915,0.06426560455301934,0.14089900409910122,0.05350610252358974,0.07100884481074446,0.00948258207410489
2015-12-01,-0.03273635520060958,0.016493263192169712,-0.007023206643594501,0.04817293230114375,0.08985546572968399,0.0023221550455608045
2016-01-01,0.050135462064069686,-0.016908641606872936,0.15313188593865756,0.04216837983964533,0.05627570972855876,0.0029731524173384517
2016-02-01,0.0540309015746051,0.05753065084640744,0.056068966228100564,-0.05980522839873463,0.08894549632380339,-0.009336398178363944
2016-03-01,-0.012255481285185658,0.05121504535572643,0.1639081214471651,0.07225012507850898,0.08822458283864079,0.015550575260759989
2016-04-01,-0.040625854278218076,0.035584402787940325,-0.047976666856569,0.04032506689653646,0.050072106310298105,0.006627439102892603
2016-05-01,0.06940075997946661,0.058251931632947326,-0.07990287655113457,0.01885449268709221,0.1202061343198873,-0.004845774481790051
2016-06-01,0.02119284555499852,0.04782398417413953,0.03678131403576055,0.0416495589341673,0.02718270558755382,0.016307557406774774
2016-07-01,0.0855297102409844,0.060961352665631824,0.07993349727717536,0.03341847777293129,0.06108700115058589,0.013812392359262403
2016-08-01,0.037865708799273,0.044672739329225206,0.08349946347447793,0.060453628211396715,0.04945870802120124,0.003584611587586937
2016-09-01,0.012557468422870734,0.05663847798718593,0.003811178609437478,-0.002324627324653661,0.12249890268287975,0.015766496443115504
2016-10-01,0.03889009261826921,0.02520951310462791,0.07546079426842157,0.04293233807732187,0.07578558577587576,0.009318696780269024
2016-11-01,0.04687909582562547,0.05294586661295028,-0.023477090955397212,0.08682778849668862,-0.07399832656054758,0.03292957886445239
2016-12-01,0.02641782035934883,0.03703058869414426,0.02569313374211903,0.08869655675254638,0.024767157002522786,0.02592898009834965
2017-01-01,-0.04566982073036509,0.049810260992267846,0.09242753221530536,0.015982077536296636,0.037803965021749326,-0.00525459603312802
2017-02-01,0.029920510834493902,0.093329130520198,0.035729304588264586,-0.007893196390822019,0.008142113337675401,0.0076440999342813065
2017-03-01,0.05518140108735208,0.028865616621825164,0.04567565930563509,-0.009280867232355293,0.04942142919545086,0.005170686388947005
2017-04-01,0.036126542120134504,0.06127031697750039,0.042074394359506204,0.01716566400242299,-0.06317856424871791,0.002594568646696465
2017-05-01,-0.002292955548615118,0.07306575019065147,0.0711052309124556,0.038862126909786,0.11427466749531948,-0.0017317888435530414
2017-06-01,0.004959332467780648,-0.06850219169411711,0.04758108460687997,0.01951360215901629,-0.02825464903220326,0.01969025818516204
2017-07-01,0.011273528343152713,0.05311077051895822,-0.019195749162946085,0.015235123075855863,0.033895969389138476,0.015441733967040915
2017-08-01,0.015081517658567144,0.05743197994756141,0.0069017461610929864,0.01719139699412945,0.10149084574397332,-0.0033287062055743794
2017-09-01,0.02432386374722952,0.0022278653378396095,0.04715684761878875,1.8881354419419266e-05,-0.037733266309396246,-0.009803151401754612
2017-10-01,0.022110275970354275,0.03673244163830008,0.04077211329844886,0.034905408733022815,0.06218724918440562,0.033821088385221826
2017-11-01,0.08608738323083254,0.06506278699208634,0.16407790625025187,-0.016719861216293236,0.05356169127599583,0.002627501525234616
2017-12-01,0.03197966542119877,0.03174806123930017,0.12969683871633841,0.003296430093228827,0.07480678601109433,-0.006625497451764998
2018-01-01,0.08029511532079213,-0.002456481223928851,0.01422785362481211,0.08130238656760128,0.03156297728027942,-0.0025877871691513486
2018-02-01,0.02074368294058109,0.002736343479288042,0.03622870667424087,0.007397453350914948,1.7175861321848396e-05,0.01356003614958428
2018-03-01,0.07562400423325578,0.06377135330856804,0.0733828043261294,0.012582074810493352,0.056012644358232146,0.006074272527840314
2018-04-01,0.04123650386702938,-0.020902023031176234,-0.04129567238627177,0.012999470389255488,-0.008409288987322558,0.007716890835426398
2018-05-01,0.01746839258863579,0.04067710308844315,0.027421015093804846,0.06474389316593954,0.004643474412141517,0.012535737231428559
2018-06-01,0.06477117719131603,0.06775169381610888,0.0654276936409319,0.06432979784376083,0.044493711306666815,0.009841446496040901
2018-07-01,-0.024546384842713924,0.0007621347539434227,-0.02319390072710134,-0.03776084225736767,0.008236433427415181,0.019608838226085758
2018-08-01,0.05546470678754518,0.0419214539783333,0.04201482501172574,0.0208166814067238,-0.007985833229375648,0.023371719792473218
2018-09-01,0.06483902017323583,0.05270773544267013,0.04018094074696517,0.038860055640533214,0.025209108699713607,0.013470082805812637
2018-10-01,0.057943241676961285,-0.04300968656716736,0.03466457266199554,0.04478907765619184,0.08023853843440218,0.005398487209484928
2018-11-01,-0.03646015127639479,0.042905499332570894,0.10058546452773254,0.02336865113541392,-0.0015479165919741328,0.01476942329033159
2018-12-01,-0.019307405867848966,0.06736412342399042,0.1286349370541775,0.04708497859442106,0.027080360145853036,0.009137665364173351
2019-01-01,0.006313567867095495,0.04600662745276364,0.04068612232507614,0.01602165778188424,0.10588138871095178,-0.00442355493658231
2019-02-01,0.045115459398827225,0.04851730896428323,0.0020166878730371665,0.03278953301253397,0.06729587708293606,0.0010146611631556921
2019-03-01,0.021239211818457414,0.0343934707185419,0.09029545926473295,0.0012013244257545325,-0.030623785804410594,0.01762996752522532
2019-04-01,0.03465723296950088,0.047609779185200096,0.07170236263605302,0.05297956544434871,0.12477358884949755,-0.0010688531417721425
2019-05-01,0.10355921451836918,0.0779486843383182,-0.04217338913876184,0.05262324229309867,0.10992739750483649,0.010541853786754584
2019-06-01,0.06212416150160725,0.04355099983850951,0.0749734983788871,0.09540112765153735,0.04286089061877554,-0.0007997029344477685
2019-07-01,0.018251604149512733,0.0061208496952657974,0.11724298022564326,-0.01119519086140866,0.10356674788697218,-0.0006259093379911169
2019-08-01,0.01993932857806186,0.039093206304771144,0.1316826886336791,0.02921377101914973,-0.014311468493199801,-0.0010547495731363793
2019-09-01,0.028576434592304505,-0.005489641857055846,-0.04728169213443188,0.06656676810116637,-0.022333045953433647,0.024998623581562667
2019-10-01,-0.01169218267312292,0.09347417637023062,0.07672603071337294,0.03878370788565595,0.12560192350599347,0.003582397320709892
2019-11-01,0.012647416721881282,0.01245878740052633,0.10274129897996842,0.04443655126808731,0.06441927797920312,0.005858125252740435
2019-12-01,0.025553454476410428,0.02912025514305651,0.03627301910895973,0.007669598675480185,0.02525379819349253,-0.01309624852101057
2020-01-01,0.06683627148660204,0.0017930597928202362,-0.0028649669596694724,-0.005362009638675197,0.010809250635535742,0.005200693883960955
2020-02-01,0.0475197857209832,0.03449963702257891,0.09579121087344666,0.04537491743614501,0.09098031394546158,0.011811399918114578
2020-03-01,0.08762184896075188,0.06225788947327049,0.08531465124181699,0.05250330791485429,0.002775987310662406,0.006989494724949919
2020-04-01,0.07229346029501008,-0.03567032623027887,0.05761577816685612,0.06857091347866259,0.02115081736054824,0.01774317598560439
2020-05-01,0.05164411189130522,0.009769134554108733,0.08726627693257318,0.009452566529481444,0.10953489980631824,-0.0026593057797684536
2020-06-01,0.04882049187394977,0.0005698424225554256,0.1614548611490824,0.0064162827242751665,0.12404880379391935,0.011740435200511573
2020-07-01,-0.01047602914589403,0.047314290522936564,0.007445262895687053,0.05525482324597704,0.06235424966219483,0.01814309874754525
2020-08-01,0.07626346265098369,-0.024095041283740057,0.013327786656067556,-0.024278350199650675,0.07631454528728926,0.00584502673899421
2020-09-01,0.04244686036033252,0.05806896757692735,0.060729181877917524,0.04920142748796748,0.05851785654847785,0.010902482253666542
2020-10-01,0.029856275122114997,0.01182039726896865,0.028057383227642674,0.03442503582373205,0.11901032992987505,0.012586712037314233
2020-11-01,0.04799178022538335,0.01582216116248951,0.04987409743255107,0.01278621145065851,0.015155646232251338,0.013264056594735271
2020-12-01,-0.0032922884709470635,0.09136647728047195,0.03126889220059492,0.004003348942315743,0.047810189411167235,-0.00254111505335744
2021-01-01,0.04136994027604754,0.02788509443415934,0.10786335109099374,0.008204182485166776,0.03784029643729324,0.002432582391353303
2021-02-01,0.06018982351099889,0.03145089436875982,0.012786473537061194,0.04447748950609724,0.07127673892349815,0.0027407912126544273
2021-03-01,0.054311260960461724,0.02957669612324251,0.003956142870075084,-0.013449189003222221,0.017359715285329296,0.01966901359132446
2021-04-01,0.012601547023450583,0.03020309141314572,0.01929760137789799,-0.011569211935054072,-0.009338698701697325,0.015210070427857589
2021-05-01,-0.03368326561358162,0.017916661594425027,0.046870466163626424,0.0037728476649230083,0.08058303055860713,-0.005457852440810929
2021-06-01,0.0859215801642984,0.043694128045534006,0.11786583375522282,0.057871291057642125,0.026402069771489362,0.00662511635357573
2021-07-01,0.011880163295355052,0.022165171168083992,0.03616375475423209,0.01337301883824889,0.021102304399834296,0.01251041965179895
2021-08-01,0.09748916444819405,0.052538073437193855,0.06080337430625429,0.07720379578663446,0.01058758857659766,0.0059001047973789725
2021-09-01,0.02440704634295946,0.02812345390970152,0.04212412594737185,0.09767319704974188,0.10147631598736175,-0.0037372458726746653
2021-10-01,0.023813220308354588,0.005226488206366918,0.05346240181735014,0.008198579080757658,0.03345589958347002,0.013903242958415347
2021-11-01,0.02673745512988246,0.025235138347260253,0.06263362601807085,0.07268999749709662,-0.028690231401237734,-0.005412909408222618
2021-12-01,0.025728167426277943,0.04208037663794166,-0.09295280038173187,0.01662778108212648,0.08625525200021275,0.008551959336854544
2022-01-01,0.038506979807281516,0.048066939627669746,0.0016821376756937442,0.02608909750768019,0.05986319690224804,0.021159351997866643
2022-02-01,-0.026865084824325883,-0.002341199515535332,0.017619656561576703,0.05191825541751116,0.13162571901119657,-0.002422936403480378
2022-03-01,0.020136160511797545,0.005263443373478324,-0.038485487409220184,0.020295738695516992,0.10179454449794229,0.00183865318435825
2022-04-01,0.07539361461748924,0.04541866506527699,0.01770325400737441,-0.030531182287537366,-0.004656458297944463,0.016661567383229672
2022-05-01,0.09824682999709025,0.02228478186619408,-0.0031813217534683094,0.0015763835210378663,0.05621549466674926,-0.0026135204350278413
2022-06-01,0.022340811853712245,0.06334869886519023,0.043688287625907776,0.027313234942308293,0.04803197245722562,0.016197566492420348
2022-07-01,0.018071568362622553,0.06561807224513856,0.031926396116375724,0.008161674861566364,0.06294838733290326,0.004902242758149288
2022-08-01,0.03416717069383083,0.05534224212682595,0.019709201226980506,0.039108511158441356,0.0046621936633300595,-0.008405653325450891
2022-09-01,0.07800642894655926,0.022377096401395548,0.0474933842151228,0.033244575713965024,0.06919413731782735,-0.003542444329842357
2022-10-01,0.08459425701151504,-0.0009593679380039272,0.043644432201394516,0.050768311318889404,0.05787654076537728,0.006163628209744608
2022-11-01,0.012394801581740993,-0.004474056350128534,0.09552570902205977,0.05389414308677409,0.015964209655967773,-0.007341911375290392
2022-12-01,0.03288177297189659,0.001205472181809799,0.03667658450564137,0.020351910095595536,0.03931799065259941,0.013549731212165524
2023-01-01,0.09617332062633963,0.08451719804962626,0.02206067142908021,0.02364791382278538,0.08715661497484034,0.02198247780976989
2023-02-01,-0.007827000277169982,0.0027032783069726347,0.011815642988983646,0.032100646292601974,0.01567837503677595,0.013243325960509783
2023-03-01,0.027474734218964396,0.037449889464441506,-0.02041958001982752,0.0049869932449698555,0.011671050432763182,-0.0009413473965969484
